{"mean": [127.636779983182, 1.5117658938626677, 124.47588168039412, 130.53651831018988, 6.0606366297957335, -0.06867082856624057, 0.00234318878192212, -0.07300013475034427, -0.0641702554006686, 0.008829879349675619, -0.04266501786151607, 0.0028978763782072404, -0.04874555132854943, -0.0370704456307422, 0.011675105697807194, 112.95053030896749, 1.2427157759370409, 110.63313465650462, 115.26743584696189, 4.63430119045721, 129.26302765840217, 1.0005582046494061, 127.33112290617265, 131.266017859763, 3.9348949535903515], "scale": [45.704018963064584, 1.6664058741022247, 45.94423502519724, 45.888311469839266, 6.846611978116351, 0.08277159510312168, 0.0013734786148112796, 0.08321988205290305, 0.08223419533844367, 0.005723874410967971, 0.08312911013351998, 0.002346161170224612, 0.08481765189186219, 0.08334566680611374, 0.010963446129698275, 32.892291207960334, 1.0994823801867708, 33.61213847030448, 32.43374354960898, 4.216638382644308, 31.208528122807305, 0.8260764159537176, 31.346673904889965, 30.981041971579593, 3.532619818684677], "feature_order": ["body_angle_mean", "body_angle_std", "body_angle_min", "body_angle_max", "body_angle_range", "hip_shoulder_vertical_diff_mean", "hip_shoulder_vertical_diff_std", "hip_shoulder_vertical_diff_min", "hip_shoulder_vertical_diff_max", "hip_shoulder_vertical_diff_range", "hip_ankle_vertical_diff_mean", "hip_ankle_vertical_diff_std", "hip_ankle_vertical_diff_min", "hip_ankle_vertical_diff_max", "hip_ankle_vertical_diff_range", "shoulder_elbow_angle_mean", "shoulder_elbow_angle_std", "shoulder_elbow_angle_min", "shoulder_elbow_angle_max", "shoulder_elbow_angle_range", "wrist_shoulder_hip_angle_mean", "wrist_shoulder_hip_angle_std", "wrist_shoulder_hip_angle_min", "wrist_shoulder_hip_angle_max", "wrist_shoulder_hip_angle_range"]}